"","mz","rt","n_samples"
"FT0001",111.008431538436,42.4078750610352,261
"FT0002",112.985612444091,1093.15356445312,261
"FT0003",112.985531774174,14.3698415756226,261
"FT0004",115.003776552051,31.970121383667,261
"FT0005",115.07658281118,153.602005004883,261
"FT0006",116.071928942979,376.539047241211,261
"FT0007",117.019283638739,47.9740104675293,261
"FT0008",118.930870413921,28.177056312561,261
"FT0009",128.959610482448,42.0124435424805,261
"FT0010",130.982823499024,23.2259999160767,261
"FT0011",131.07109561084,288.666839599609,261
"FT0012",133.014370482708,39.6695556640625,261
"FT0013",133.014085593593,230.593002319336,261
"FT0014",134.017416085017,38.3097114562988,261
"FT0015",134.017427275681,230.859466552734,261
"FT0016",135.018993827954,32.6313514709473,261
"FT0017",137.024091287781,171.490364074707,261
"FT0018",146.04569689995,28.591459274292,261
"FT0019",147.065832730069,171.818908691406,261
"FT0020",147.029762699985,47.9410209655762,261
"FT0021",148.949619282937,27.222074508667,261
"FT0022",150.947122725652,27.2346172332764,261
"FT0023",152.034983164711,162.246124267578,261
"FT0024",157.050537088904,207.83837890625,261
"FT0025",158.978281153623,23.8980045318604,261
"FT0026",159.065870527665,418.376647949219,261
"FT0027",159.979744597215,23.8979997634888,261
"FT0028",160.040707807502,391.181442260742,261
"FT0029",161.080876976732,242.126419067383,261
"FT0030",160.977013266006,24.2375965118408,261
"FT0031",163.03979871776,214.934936523438,261
"FT0032",164.071260576155,79.6688461303711,261
"FT0033",164.935044187234,27.9667358398438,261
"FT0034",165.040572977313,749.461181640625,261
"FT0035",171.102337160397,879.677917480469,261
"FT0036",173.045386973855,258.390151977539,261
"FT0037",173.00933822417,42.9338264465332,261
"FT0038",173.04511120823,380.923980712891,261
"FT0039",174.95594308773,1142.21203613281,261
"FT0040",174.955966496202,23.8980007171631,261
"FT0041",175.060881988136,170.575172424316,261
"FT0042",179.035264215175,230.841239929199,261
"FT0043",179.05601715086,28.5722103118896,261
"FT0044",180.038477044298,230.885482788086,261
"FT0045",180.973018877826,1085.08898925781,261
"FT0046",182.988727506062,1045.142578125,261
"FT0047",187.097167519865,313.158233642578,261
"FT0048",187.06100602163,418.374084472656,261
"FT0049",187.060986299835,174.341369628906,261
"FT0050",189.076607290601,169.871307373047,261
"FT0051",191.051108805948,68.8659324645996,261
"FT0052",191.055392947316,198.304733276367,261
"FT0053",192.059208268457,190.888038635254,261
"FT0054",192.023605970597,42.897762298584,261
"FT0055",193.050421267445,280.9677734375,261
"FT0056",193.024784587983,42.7635459899902,261
"FT0057",195.050669829169,32.6234741210938,261
"FT0058",195.810696696025,1143.89208984375,261
"FT0059",197.06608865806,28.3183708190918,261
"FT0060",197.807723930105,1143.89501953125,261
"FT0061",198.070267633788,28.5020179748535,261
"FT0062",199.804683723726,1143.89196777344,261
"FT0063",203.089989154217,252.166870117188,261
"FT0064",203.082409642444,146.212005615234,261
"FT0065",204.085277484021,146.289077758789,261
"FT0066",205.071948916951,153.622566223145,261
"FT0067",206.075175686531,153.604347229004,261
"FT0068",206.081789787153,249.827117919922,261
"FT0069",207.065222202583,309.522033691406,261
"FT0070",207.0754501783,153.270004272461,261
"FT0071",209.118013990827,346.573669433594,261
"FT0072",211.133652562419,833.474029541016,261
"FT0073",211.133660442432,486.273010253906,261
"FT0074",213.149448686005,446.292877197266,261
"FT0075",214.073103996553,184.545364379883,261
"FT0076",214.152752457338,446.331512451172,261
"FT0077",215.032930799195,27.9569358825684,261
"FT0078",215.091932483987,184.445739746094,261
"FT0079",217.072044894163,288.377014160156,261
"FT0080",217.030024437097,28.2485866546631,261
"FT0081",218.102989140215,96.926872253418,261
"FT0082",219.051282988858,93.6436614990234,261
"FT0083",221.102709701032,158.984764099121,261
"FT0084",221.066559303043,307.146255493164,261
"FT0085",221.154285441371,536.722900390625,261
"FT0086",223.061183661483,282.727645874023,261
"FT0087",223.133758447498,507.010498046875,261
"FT0088",225.0615104507,27.9928665161133,261
"FT0089",227.128772454885,437.407409667969,261
"FT0090",227.128802816625,346.298385620117,261
"FT0091",233.066617863998,172.421997070312,261
"FT0092",236.105114740904,536.720428466797,261
"FT0093",238.931515713509,1067.63342285156,261
"FT0094",239.128291828328,440.250366210938,261
"FT0095",242.175895828247,433.598907470703,261
"FT0096",242.940284395034,27.5414924621582,261
"FT0097",245.042407934389,29.2748975753784,261
"FT0098",245.094513177316,274.338226318359,261
"FT0099",247.082275784325,241.945907592773,261
"FT0100",248.085623781503,241.949264526367,261
"FT0101",248.960436326875,1092.09619140625,261
"FT0102",249.097545841637,88.625114440918,261
"FT0103",249.185307883837,581.038024902344,261
"FT0104",249.185384832084,741.910614013672,261
"FT0105",249.963922730615,1084.75305175781,261
"FT0106",250.964950361971,1084.75256347656,261
"FT0107",251.165087959978,832.075988769531,261
"FT0108",251.056203414803,309.473098754883,261
"FT0109",252.168325378353,832.373657226562,261
"FT0110",253.091879989773,43.4947128295898,261
"FT0111",253.21700280371,892.1240234375,261
"FT0112",254.040528751206,275.491104125977,261
"FT0113",254.898925276172,26.6219882965088,261
"FT0114",255.232423015047,925.143432617188,261
"FT0115",256.236041911494,925.055725097656,261
"FT0116",259.021794825745,29.2681179046631,261
"FT0117",261.100857335794,299.454238891602,261
"FT0118",262.929802852759,26.2485456466675,261
"FT0119",263.11402536541,160.68172454834,261
"FT0120",263.931245889623,26.2202501296997,261
"FT0121",265.051074474293,30.9510231018066,261
"FT0122",265.14781882145,647.155120849609,261
"FT0123",266.151255656663,648.862121582031,261
"FT0124",267.039025748711,37.3469829559326,261
"FT0125",268.111548408054,63.821647644043,261
"FT0126",268.93775347454,38.0069427490234,261
"FT0127",269.10224174534,263.376800537109,261
"FT0128",269.045142000423,410.108596801758,261
"FT0129",270.105802227014,263.500396728516,261
"FT0130",271.080877527424,162.506561279297,261
"FT0131",272.959088152357,24.2728290557861,261
"FT0132",273.124667441532,376.702941894531,261
"FT0133",273.960224368203,24.2713775634766,261
"FT0134",274.127086351846,377.389556884766,261
"FT0135",274.957532915457,24.2350177764893,261
"FT0136",275.127203979802,376.72705078125,261
"FT0137",275.021876106256,41.3723678588867,261
"FT0138",275.95917804536,24.2478904724121,261
"FT0139",276.956548276223,24.5686359405518,261
"FT0140",277.128661802256,234.586151123047,261
"FT0141",277.216777234667,691.366001220703,261
"FT0142",277.119364634061,378.000335693359,261
"FT0143",277.217056539746,832.0517578125,261
"FT0144",278.220580875587,832.045227050781,261
"FT0145",278.910269894434,26.3244915008545,261
"FT0146",279.051230550611,271.875396728516,261
"FT0147",279.108441047395,106.60514831543,261
"FT0148",279.232360694986,751.524261474609,261
"FT0149",279.232064513503,878.665405273438,261
"FT0150",280.082913906338,227.271766662598,261
"FT0151",280.235775284665,882.090209960938,261
"FT0152",280.907794088638,26.2385129928589,261
"FT0153",281.247799605568,941.263732910156,261
"FT0154",283.060919590648,534.998443603516,261
"FT0155",283.117915194957,294.399780273438,261
"FT0156",283.263640938071,1003.0969543457,261
"FT0157",284.064186161236,534.998352050781,261
"FT0158",284.267228386282,1003.095703125,261
"FT0159",285.061663816091,156.632568359375,261
"FT0160",285.066649124786,534.9990234375,261
"FT0161",285.082547685901,28.9569206237793,261
"FT0162",288.993868229263,36.6587104797363,261
"FT0163",289.164250389515,205.668571472168,261
"FT0164",289.938343989853,24.2075395584106,261
"FT0165",290.935455259357,24.1912441253662,261
"FT0166",291.196252348901,661.908050537109,261
"FT0167",291.144358262239,282.988952636719,261
"FT0168",292.199777937466,623.178100585938,261
"FT0169",293.118248726336,182.228698730469,261
"FT0170",293.211577377412,645.10888671875,261
"FT0171",293.175360046991,536.698669433594,261
"FT0172",293.17922773073,757.511566162109,261
"FT0173",294.215225009239,650.401985839844,261
"FT0174",294.115443278316,184.855117797852,261
"FT0175",294.178719963332,536.700317382812,261
"FT0176",295.048966897793,231.54167175293,261
"FT0177",295.227401827226,690.274780273438,261
"FT0178",295.082122017425,380.721466064453,261
"FT0179",296.066418783549,232.318054199219,261
"FT0180",296.085563255324,380.744842529297,261
"FT0181",297.118199308225,57.6563529968262,261
"FT0182",297.158233109837,676.677612304688,261
"FT0183",297.055643440166,231.878204345703,261
"FT0184",298.155992189664,663.430603027344,261
"FT0185",299.078411377946,171.18391418457,261
"FT0186",299.151606887778,663.944946289062,261
"FT0187",300.108357701533,162.396499633789,261
"FT0188",301.091543378124,162.757568359375,261
"FT0189",303.143807712267,306.760925292969,261
"FT0190",304.991051808932,31.4219694137573,261
"FT0191",305.125085389414,175.627914428711,261
"FT0192",305.114477094345,376.857727050781,261
"FT0193",305.994552991351,36.6532821655273,261
"FT0194",306.11600193609,377.065353393555,261
"FT0195",306.918793694463,1120.03491210938,261
"FT0196",306.992529942735,36.3221626281738,261
"FT0197",307.190654238397,620.911986816406,261
"FT0198",307.125649774222,174.583343505859,261
"FT0199",309.046562119247,40.0316848754883,261
"FT0200",309.206243587439,570.629272460938,261
"FT0201",309.061029080935,232.912200927734,261
"FT0202",309.097704255894,418.394622802734,261
"FT0203",309.173777517615,701.800933837891,261
"FT0204",310.092786890185,149.336532592773,261
"FT0205",310.091935881633,281.008666992188,261
"FT0206",310.209995406926,588.156555175781,261
"FT0207",310.100935027269,418.366271972656,261
"FT0208",311.096436205196,149.239372253418,261
"FT0209",311.16821200822,705.09130859375,261
"FT0210",311.112380324199,263.830576843262,261
"FT0211",311.077442419031,394.754409790039,261
"FT0212",312.171541454446,698.305908203125,261
"FT0213",312.116274419971,263.487396240234,261
"FT0214",313.091790303556,126.336574554443,261
"FT0215",313.077496267067,30.6043787002563,261
"FT0216",313.072636029693,259.43798828125,261
"FT0217",313.167337480444,699.315553588867,261
"FT0218",315.079446605581,106.612537384033,261
"FT0219",315.107450063831,202.676742553711,261
"FT0220",315.181060712268,421.284713745117,261
"FT0221",316.94778052279,1085.42901611328,261
"FT0222",317.086212703882,49.7666435241699,261
"FT0223",317.951161539228,1085.04858398438,261
"FT0224",318.952087361576,1084.77453613281,261
"FT0225",319.095292519812,273.185180664062,261
"FT0226",319.037446991367,535.022369384766,261
"FT0227",319.139206562398,215.139106750488,261
"FT0228",321.034434496431,533.940551757812,261
"FT0229",321.154259048018,242.537841796875,261
"FT0230",323.221634792396,679.78125,261
"FT0231",323.221458394978,832.057250976562,261
"FT0232",323.133878036114,188.902587890625,261
"FT0233",323.2197557852,925.133972167969,261
"FT0234",324.225331163961,679.269104003906,261
"FT0235",325.092971533662,246.034210205078,261
"FT0236",325.042930351314,36.3699131011963,261
"FT0237",325.093653234835,431.443298339844,261
"FT0238",325.184166861883,754.091125488281,261
"FT0239",326.943901301295,36.2430267333984,261
"FT0240",327.086797390728,278.744964599609,261
"FT0241",327.217203022431,446.650512695312,261
"FT0242",328.117605745925,270.869201660156,261
"FT0243",328.220286829595,420.679382324219,261
"FT0244",329.122491525399,212.434616088867,261
"FT0245",329.086998125941,106.989608764648,261
"FT0246",329.23201757926,447.292907714844,261
"FT0247",331.066497016294,73.2838592529297,261
"FT0248",331.130496479309,267.550430297852,261
"FT0249",331.237766319965,446.169387817383,261
"FT0250",332.124413168059,214.467918395996,261
"FT0251",333.151954541279,251.378555297852,261
"FT0252",333.190585076292,428.080871582031,261
"FT0253",335.133872178448,274.963104248047,261
"FT0254",336.108348988089,252.058486938477,261
"FT0255",337.093146342092,235.497970581055,261
"FT0256",338.095955084802,247.409980773926,261
"FT0257",339.071331755204,166.035403198242,261
"FT0258",339.071426849335,283.403991699219,261
"FT0259",339.199073113622,867.332733154297,261
"FT0260",341.088372306059,211.956481933594,261
"FT0261",341.111382809532,377.046325683594,261
"FT0262",341.108640635796,28.6101684570312,261
"FT0263",341.23227428822,491.613922119141,261
"FT0264",342.945248317365,29.9648513793945,261
"FT0265",343.138960844029,318.589385986328,261
"FT0266",343.102663483031,184.275375366211,261
"FT0267",344.104789080498,184.306396484375,261
"FT0268",345.153347606731,277.009918212891,261
"FT0269",345.118122424864,161.781219482422,261
"FT0270",345.203549757839,832.403533935547,261
"FT0271",346.12161428675,200.949020385742,261
"FT0272",347.092590136691,63.2801856994629,261
"FT0273",347.135285196046,302.904632568359,261
"FT0274",347.219205560212,882.416870117188,261
"FT0275",348.128997654344,178.3662109375,261
"FT0276",351.047751718535,534.997589111328,261
"FT0277",351.079053246844,158.063850402832,261
"FT0278",351.250221154131,1003.43054199219,261
"FT0279",352.102680619409,211.086242675781,261
"FT0280",353.087270509914,189.901420593262,261
"FT0281",353.199505706295,742.114379882812,261
"FT0282",354.090365913893,197.552795410156,261
"FT0283",355.099720733563,212.411560058594,261
"FT0284",356.105344463515,263.149841308594,261
"FT0285",356.101752502409,81.0184059143066,261
"FT0286",357.082340194628,133.139541625977,261
"FT0287",357.113612857926,262.817367553711,261
"FT0288",357.191542497423,420.712646484375,261
"FT0289",358.194680605589,420.725982666016,261
"FT0290",359.096840652919,142.814498901367,261
"FT0291",359.124343400092,263.009521484375,261
"FT0292",359.206345962639,447.940780639648,261
"FT0293",361.162339085391,536.978576660156,261
"FT0294",361.186547506447,269.469665527344,261
"FT0295",362.99661515009,41.6993598937988,261
"FT0296",365.180053782909,214.091705322266,261
"FT0297",367.102639446521,259.80224609375,261
"FT0298",367.211622089934,1087.10455322266,261
"FT0299",368.105780818973,240.938812255859,261
"FT0300",369.118297869777,241.274871826172,261
"FT0301",369.22745830553,681.299926757812,261
"FT0302",371.078990742628,80.9422073364258,261
"FT0303",371.097602571645,238.297660827637,261
"FT0304",372.101126139381,238.320281982422,261
"FT0305",373.142038688276,286.334411621094,261
"FT0306",373.12591699902,751.192840576172,261
"FT0307",374.187415301292,286.776458740234,261
"FT0308",375.12592169334,182.385894775391,261
"FT0309",377.179969747251,256.726440429688,261
"FT0310",377.085119662425,31.971097946167,261
"FT0311",377.141126346485,832.054016113281,261
"FT0312",378.087815092324,28.9381343307495,261
"FT0313",378.184054110807,257.083587646484,261
"FT0314",378.143760653439,832.054016113281,261
"FT0315",379.082189192085,30.6128244400024,261
"FT0316",379.151193933689,257.81623840332,261
"FT0317",379.151861446897,751.475677490234,261
"FT0318",380.097803986365,252.061172485352,261
"FT0319",381.128436417631,56.0871543884277,261
"FT0320",381.17537813451,229.852523803711,261
"FT0321",383.048916509908,42.8586273193359,261
"FT0322",383.188391175941,1003.91195678711,261
"FT0323",384.935262366313,1085.39996337891,261
"FT0324",385.114409979523,231.781265258789,261
"FT0325",385.938046164693,1085.09008789062,261
"FT0326",386.144346095083,137.137756347656,261
"FT0327",386.939289179292,1084.78009033203,261
"FT0328",387.112503942993,28.5722103118896,261
"FT0329",387.163145525083,218.917083740234,261
"FT0330",387.940859116145,24.5559730529785,261
"FT0331",388.937702353057,24.0659523010254,261
"FT0332",389.938024489626,24.0645809173584,261
"FT0333",390.935276672578,24.1789531707764,261
"FT0334",392.079932818729,303.814514160156,261
"FT0335",392.893568210212,25.8819484710693,261
"FT0336",393.175573368509,253.401435852051,261
"FT0337",394.179017760074,253.31022644043,261
"FT0338",395.190615012665,253.39665222168,261
"FT0339",396.194174020704,288.596740722656,261
"FT0340",397.113238671009,244.739440917969,261
"FT0341",397.256395851337,757.859802246094,261
"FT0342",398.128414826174,207.548072814941,261
"FT0343",398.260264544102,757.561218261719,261
"FT0344",399.117765213074,196.348876953125,261
"FT0345",399.149421867921,96.527229309082,261
"FT0346",399.273909830444,816.147705078125,261
"FT0347",399.202002029795,401.7177734375,261
"FT0348",401.138367562403,213.390632629395,261
"FT0349",401.181304198921,420.746943603516,261
"FT0350",402.085339021942,207.135795593262,261
"FT0351",402.916409848363,24.2257995605469,261
"FT0352",403.116794237767,265.165023803711,261
"FT0353",403.918096235507,24.2123432159424,261
"FT0354",405.018673595106,32.9260330200195,261
"FT0355",405.175441315261,285.99885559082,261
"FT0356",405.916152507644,24.17626953125,261
"FT0357",406.178047918358,285.829254150391,261
"FT0358",406.912596989483,24.3903388977051,261
"FT0359",407.171153116006,146.274322509766,261
"FT0360",408.174367743306,146.242828369141,261
"FT0361",409.205887208073,338.327392578125,261
"FT0362",410.102145773105,613.45654296875,261
"FT0363",411.105548955432,590.251281738281,261
"FT0364",411.150968130902,153.602035522461,261
"FT0365",411.20137413647,340.788024902344,261
"FT0366",412.203987065581,340.790985107422,261
"FT0367",413.109550420791,208.382499694824,261
"FT0368",413.215986595974,309.216461181641,261
"FT0369",415.195891555419,297.101837158203,261
"FT0370",416.199015584033,296.41699609375,261
"FT0371",417.102816411432,185.545669555664,261
"FT0372",417.208609019866,282.639282226562,261
"FT0373",417.203282782483,614.214721679688,261
"FT0374",418.2144623018,282.585662841797,261
"FT0375",418.893513034051,24.1957550048828,261
"FT0376",419.185089551255,692.131988525391,261
"FT0377",419.191845945103,309.968292236328,261
"FT0378",419.191897260021,613.330139160156,261
"FT0379",419.895148632293,24.1798038482666,261
"FT0380",421.00158890949,42.3800010681152,261
"FT0381",421.156752580528,225.913543701172,261
"FT0382",421.23493774584,774.941162109375,261
"FT0383",422.004929920785,42.4301605224609,261
"FT0384",422.237899195364,773.681579589844,261
"FT0385",423.026565130492,38.3607063293457,261
"FT0386",423.22238712658,369.660705566406,261
"FT0387",424.225638578206,369.757354736328,261
"FT0388",425.164066473437,269.548889160156,261
"FT0389",427.180841773316,256.760467529297,261
"FT0390",428.184129790314,230.083923339844,261
"FT0391",429.176100485316,319.607543945312,261
"FT0392",429.105626957824,180.76798248291,261
"FT0393",430.178791175488,319.269287109375,261
"FT0394",431.185044171923,320.633911132812,261
"FT0395",431.190522682099,232.534118652344,261
"FT0396",432.194111247629,224.435272216797,261
"FT0397",432.194447803532,331.711517333984,261
"FT0398",433.206076249857,225.53719329834,261
"FT0399",434.209234674077,225.195877075195,261
"FT0400",434.917473733265,1086.09790039062,261
"FT0401",435.186443495625,225.326400756836,261
"FT0402",435.221031922743,325.720733642578,261
"FT0403",438.132622657864,216.104736328125,261
"FT0404",439.007926310024,34.2442474365234,261
"FT0405",439.181244542086,253.026977539062,261
"FT0406",440.184141982239,253.022453308105,261
"FT0407",441.195798673102,285.705169677734,261
"FT0408",441.246312515955,421.962966918945,261
"FT0409",442.199245336728,288.444152832031,261
"FT0410",442.250495352644,415.854705810547,261
"FT0411",443.119383628782,223.079177856445,261
"FT0412",443.227593933365,416.357818603516,261
"FT0413",445.169713802978,220.792602539062,261
"FT0414",445.235456495907,697.31005859375,261
"FT0415",446.238203381164,693.569458007812,261
"FT0416",447.113183613669,140.835006713867,261
"FT0417",447.240277555991,690.767517089844,261
"FT0418",447.250889459241,759.455139160156,261
"FT0419",447.152531765003,214.75439453125,261
"FT0420",448.2535487236,751.508544921875,261
"FT0421",449.200464783682,283.294464111328,261
"FT0422",449.256074002245,752.690490722656,261
"FT0423",450.204187074617,282.882476806641,261
"FT0424",451.185496014744,275.695571899414,261
"FT0425",452.922632853355,1084.77673339844,261
"FT0426",453.221607053906,263.826904296875,261
"FT0427",453.246545250417,381.476837158203,261
"FT0428",453.925768930217,1085.34204101562,261
"FT0429",454.926561782621,1085.09130859375,261
"FT0430",455.119253602887,273.587005615234,261
"FT0431",455.20535722731,338.439910888672,261
"FT0432",456.117073481392,281.967666625977,261
"FT0433",457.1328041958,210.578224182129,261
"FT0434",458.957547270146,42.7457695007324,261
"FT0435",459.216368655695,586.733154296875,261
"FT0436",459.255820448914,376.902374267578,261
"FT0437",460.981486507349,36.3326015472412,261
"FT0438",461.16592300241,247.656005859375,261
"FT0439",461.045783553492,28.2650012969971,261
"FT0440",462.169280337197,247.699760437012,261
"FT0441",463.043451608241,28.2875328063965,261
"FT0442",463.218360895962,293.582183837891,261
"FT0443",465.231355697469,396.108032226562,261
"FT0444",465.101458201889,244.608612060547,261
"FT0445",469.226551010452,336.848754882812,261
"FT0446",470.230878607572,359.644897460938,261
"FT0447",471.192802491361,257.954330444336,261
"FT0448",471.231427372765,369.040710449219,261
"FT0449",471.07455787195,28.265944480896,261
"FT0450",472.206399357274,257.382080078125,261
"FT0451",473.144025270336,372.82975769043,261
"FT0452",473.124970096653,259.722625732422,261
"FT0453",474.261483272708,601.599029541016,261
"FT0454",475.129706233021,32.9610157012939,261
"FT0455",475.264545958024,601.206726074219,261
"FT0456",476.132585069357,32.7673187255859,261
"FT0457",476.276710125541,640.3076171875,261
"FT0458",476.966205871619,36.3640213012695,261
"FT0459",477.197203542111,313.411254882812,261
"FT0460",477.280131952618,640.208160400391,261
"FT0461",477.135283325255,32.6380653381348,261
"FT0462",477.160082242563,184.755958557129,261
"FT0463",481.256576742687,706.986938476562,261
"FT0464",482.259569428761,704.709594726562,261
"FT0465",483.2706798682,728.786376953125,261
"FT0466",483.151841849626,353.192687988281,261
"FT0467",484.27465446254,729.463439941406,261
"FT0468",485.185879488789,218.112800598145,261
"FT0469",485.225539947269,415.737258911133,261
"FT0470",485.274522329901,581.347229003906,261
"FT0471",486.277570830633,581.038208007812,261
"FT0472",486.180157886331,217.786087036133,261
"FT0473",487.21846669005,452.689819335938,261
"FT0474",487.279967677713,622.885864257812,261
"FT0475",491.141105175567,235.359748840332,261
"FT0476",493.228186161989,376.046295166016,261
"FT0477",494.230992941815,369.637176513672,261
"FT0478",495.256874219907,409.687545776367,261
"FT0479",497.258942524339,440.908493041992,261
"FT0480",499.25267138665,381.434234619141,261
"FT0481",499.236910506041,271.733139038086,261
"FT0482",500.241463654734,272.063293457031,261
"FT0483",500.918633087458,23.9220485687256,261
"FT0484",501.269667444573,455.349822998047,261
"FT0485",501.919576759155,23.9345483779907,261
"FT0486",502.29187154062,614.677276611328,261
"FT0487",502.904548498153,1086.28540039062,261
"FT0488",502.917498717534,23.8980045318604,261
"FT0489",503.240969067502,630.376739501953,261
"FT0490",503.248540874434,377.060760498047,261
"FT0491",503.918052683059,23.9220485687256,261
"FT0492",505.256432696497,655.641052246094,261
"FT0493",505.227266104027,393.15071105957,261
"FT0494",506.259621076844,653.614074707031,261
"FT0495",507.27155442086,692.500152587891,261
"FT0496",508.275468295312,709.329650878906,261
"FT0497",509.204657970695,275.298004150391,261
"FT0498",509.222325696187,396.844940185547,261
"FT0499",511.14455882816,206.961639404297,261
"FT0500",513.304813444023,666.535949707031,261
"FT0501",514.309063298113,653.000305175781,261
"FT0502",515.119967866458,312.511688232422,261
"FT0503",515.238239577351,752.422912597656,261
"FT0504",516.896887179312,23.9227714538574,261
"FT0505",517.135427668979,372.859680175781,261
"FT0506",517.897513921802,23.9123401641846,261
"FT0507",518.251361452873,691.856872558594,261
"FT0508",518.13828720803,372.834442138672,261
"FT0509",518.896256375398,24.229229927063,261
"FT0510",519.896088257262,23.9538841247559,261
"FT0511",520.267301897761,752.575073242188,261
"FT0512",520.910219940351,1085.08715820312,261
"FT0513",521.1294995167,331.288970947266,261
"FT0514",520.892995398989,23.9489059448242,261
"FT0515",521.251196976217,582.028137207031,261
"FT0516",521.202191192724,291.710723876953,261
"FT0517",521.912783981206,1085.05926513672,261
"FT0518",522.176269915729,331.917449951172,261
"FT0519",522.254517680451,582.103729248047,261
"FT0520",522.913972784367,1085.41101074219,261
"FT0521",523.250265127693,584.054626464844,261
"FT0522",524.887117906404,1086.07836914062,261
"FT0523",527.285412000212,477.012405395508,261
"FT0524",529.155084036983,205.684768676758,261
"FT0525",529.299798881159,516.969909667969,261
"FT0526",530.136321663801,190.855270385742,261
"FT0527",531.280814644287,581.245300292969,261
"FT0528",531.150449592453,400.321105957031,261
"FT0529",532.283994109381,581.008911132812,261
"FT0530",532.874270992113,23.9220485687256,261
"FT0531",533.136308833303,32.7968978881836,261
"FT0532",533.165419937683,290.369125366211,261
"FT0533",533.287463371958,622.359832763672,261
"FT0534",533.875697022046,23.9405422210693,261
"FT0535",534.289172473605,585.772521972656,261
"FT0536",534.873766378722,24.2336883544922,261
"FT0537",535.145745804785,308.556549072266,261
"FT0538",535.302973111726,636.272125244141,261
"FT0539",536.203203592095,316.230010986328,261
"FT0540",537.203767064066,369.418426513672,261
"FT0541",537.327298065856,721.358917236328,261
"FT0542",538.330513760127,724.64892578125,261
"FT0543",539.249070119404,410.048950195312,261
"FT0544",540.330013494559,682.083129882812,261
"FT0545",545.261601275692,427.8193359375,261
"FT0546",545.160573185082,691.82861328125,261
"FT0547",547.256552839719,356.388977050781,261
"FT0548",547.275930532641,455.314361572266,261
"FT0549",548.259242194934,377.061874389648,261
"FT0550",548.278828750688,455.349853515625,261
"FT0551",548.852197284874,23.9408130645752,261
"FT0552",549.252193185862,276.014190673828,261
"FT0553",549.236739798609,555.933746337891,261
"FT0554",549.281673678522,667.050994873047,261
"FT0555",549.340502778873,409.473985839844,261
"FT0556",550.286004644474,653.038116455078,261
"FT0557",551.17625344176,290.660766601562,261
"FT0558",551.280254038853,652.709503173828,261
"FT0559",552.284759404691,604.906372070312,261
"FT0560",555.283939074787,720.593566894531,261
"FT0561",555.441272601997,832.043029785156,261
"FT0562",556.287321040218,719.628936767578,261
"FT0563",556.444269985612,832.041198730469,261
"FT0564",557.284760826502,717.730041503906,261
"FT0565",557.44745416709,832.051300048828,261
"FT0566",559.166159866703,149.666969299316,261
"FT0567",559.312211814146,654.259735107422,261
"FT0568",559.471978683816,882.338195800781,261
"FT0569",560.31541565592,653.960357666016,261
"FT0570",560.170043851878,149.895553588867,261
"FT0571",561.326242085119,683.154357910156,261
"FT0572",561.289507360238,338.297409057617,261
"FT0573",562.318903581877,652.257751464844,261
"FT0574",563.317413126339,606.328094482422,261
"FT0575",563.334765783761,710.845581054688,261
"FT0576",564.329696757258,643.934387207031,261
"FT0577",565.333832099738,644.244171142578,261
"FT0578",565.192043143778,273.232666015625,261
"FT0579",566.337566188756,658.003112792969,261
"FT0580",567.129057760951,534.999267578125,261
"FT0581",567.206960149828,291.612182617188,261
"FT0582",568.132035283291,533.979370117188,261
"FT0583",569.351417006867,356.638610839844,261
"FT0584",570.279110747732,357.032913208008,261
"FT0585",570.892053086995,1086.76123046875,261
"FT0586",575.306532368901,516.864807128906,261
"FT0587",576.309028170623,516.547485351562,261
"FT0588",577.243645751837,536.029113769531,261
"FT0589",577.24897990297,292.232025146484,261
"FT0590",577.268437889221,642.485168457031,261
"FT0591",577.287218526854,546.672058105469,261
"FT0592",577.423077038107,832.043762207031,261
"FT0593",578.252136556987,280.131195068359,261
"FT0594",578.271854106502,636.737670898438,261
"FT0595",578.42634108652,832.043518066406,261
"FT0596",579.209464557879,302.516510009766,261
"FT0597",579.283168151545,681.650985839844,261
"FT0598",579.208930758141,375.674987792969,261
"FT0599",580.287390602208,683.482391357422,261
"FT0600",580.2112318803,302.876342773438,261
"FT0601",581.223545244896,286.954956054688,261
"FT0602",581.454963096906,882.070159912109,261
"FT0603",582.227017244471,286.950103759766,261
"FT0604",585.342332957501,1086.76916503906,261
"FT0605",586.346223114423,1086.62145996094,261
"FT0606",588.897542890509,1084.75415039062,261
"FT0607",589.900437435252,1085.08898925781,261
"FT0608",590.895553706625,1085.42504882812,261
"FT0609",591.099574235286,230.891090393066,261
"FT0610",591.174160066826,327.813140869141,261
"FT0611",592.103320910015,231.232238769531,261
"FT0612",592.874842931176,1086.43267822266,261
"FT0613",593.174887390121,230.890869140625,261
"FT0614",593.27350586981,605.596313476562,261
"FT0615",594.154001407924,230.661026000977,261
"FT0616",594.27686707903,604.914367675781,261
"FT0617",595.289374020795,649.90869140625,261
"FT0618",595.202198875992,278.551635742188,261
"FT0619",597.218118042135,290.664520263672,261
"FT0620",599.268967141606,584.736083984375,261
"FT0621",600.27203442255,584.30029296875,261
"FT0622",605.316230084333,653.209930419922,261
"FT0623",606.87169410415,1087.44055175781,261
"FT0624",607.223240776016,160.772933959961,261
"FT0625",607.296979883487,338.714691162109,261
"FT0626",608.300394880855,338.268829345703,261
"FT0627",609.146508685251,270.225952148438,261
"FT0628",609.302726376161,376.412017822266,261
"FT0629",610.150074193376,270.227966308594,261
"FT0630",613.081475398016,230.540420532227,261
"FT0631",615.193078575021,241.297134399414,261
"FT0632",615.213708601408,159.001106262207,261
"FT0633",617.173943894335,233.687927246094,261
"FT0634",623.271900292247,720.383758544922,261
"FT0635",624.878774733717,1085.76098632812,261
"FT0636",625.142708682723,242.668426513672,261
"FT0637",625.306578022712,310.131652832031,261
"FT0638",626.145173662878,242.409049987793,261
"FT0639",627.299656896083,653.930786132812,261
"FT0640",627.228669371631,286.968902587891,261
"FT0641",630.301807104085,605.043212890625,261
"FT0642",630.877731669013,23.8517017364502,261
"FT0643",631.878826119116,23.8513669967651,261
"FT0644",632.31800790758,644.251953125,261
"FT0645",632.876557434236,23.8844909667969,261
"FT0646",633.201242265606,234.586669921875,261
"FT0647",640.867982814023,1087.14074707031,261
"FT0648",643.305262447754,437.917053222656,261
"FT0649",643.307629203736,357.626602172852,261
"FT0650",643.809915469699,437.559097290039,261
"FT0651",645.203751382766,243.670135498047,261
"FT0652",645.256283277505,636.532348632812,261
"FT0653",646.855622537814,23.8518524169922,261
"FT0654",647.29365977286,357.079376220703,261
"FT0655",647.327584540926,530.2734375,261
"FT0656",647.219256946495,187.579284667969,261
"FT0657",648.29783295653,357.188385009766,261
"FT0658",648.855838571916,24.1943063735962,261
"FT0659",650.297752144196,333.469848632812,261
"FT0660",650.799659096602,333.630401611328,261
"FT0661",650.985057957823,42.4425239562988,261
"FT0662",651.304855988763,349.846405029297,261
"FT0663",651.806996899039,350.119247436523,261
"FT0664",652.307700525405,350.134643554688,261
"FT0665",653.172963892874,296.083953857422,261
"FT0666",655.369950656204,425.429107666016,261
"FT0667",656.885071457105,1084.73742675781,261
"FT0668",657.220686383662,389.740737915039,261
"FT0669",657.385289404917,418.597259521484,261
"FT0670",657.887188792635,1085.08679199219,261
"FT0671",658.156340205971,178.815010070801,261
"FT0672",658.222952144262,389.8330078125,261
"FT0673",658.295045768312,326.371353149414,261
"FT0674",658.878504934655,1085.42504882812,261
"FT0675",659.181846569177,177.050811767578,261
"FT0676",659.232260267208,389.817367553711,261
"FT0677",659.375998662496,1085.7509765625,261
"FT0678",659.299886565398,444.602813720703,261
"FT0679",660.862700011447,1086.09692382812,261
"FT0680",663.157129212039,239.58219909668,261
"FT0681",669.384983944005,453.691833496094,261
"FT0682",671.272219271266,257.765991210938,261
"FT0683",671.400119110091,433.726104736328,261
"FT0684",673.220665187401,427.142532348633,261
"FT0685",674.860679979235,1087.09875488281,261
"FT0686",675.359689836988,595.510101318359,261
"FT0687",675.26765321078,355.073303222656,261
"FT0688",676.270117685484,355.345550537109,261
"FT0689",676.363216729495,595.549986816406,261
"FT0690",677.283461477395,342.050720214844,261
"FT0691",677.23004947305,229.890716552734,261
"FT0692",678.286343534375,342.018707275391,261
"FT0693",678.232533087227,230.228790283203,261
"FT0694",679.189130950553,193.279136657715,261
"FT0695",679.28823183776,342.174285888672,261
"FT0696",681.240129916822,232.028472900391,261
"FT0697",681.296294518379,910.28125,261
"FT0698",682.243296299967,231.914566040039,261
"FT0699",683.253193892327,232.99201965332,261
"FT0700",683.305439704013,530.294006347656,261
"FT0701",684.256579617759,233.240074157715,261
"FT0702",690.880099458229,1085.36315917969,261
"FT0703",691.320449252686,375.366973876953,261
"FT0704",691.381210255223,1084.90954589844,261
"FT0705",692.320394113328,374.344360351562,261
"FT0706",692.868380038549,1085.7568359375,261
"FT0707",693.334743042151,530.929382324219,261
"FT0708",693.369834510578,1086.09680175781,261
"FT0709",693.277939014613,334.430633544922,261
"FT0710",694.337963146963,530.929382324219,261
"FT0711",694.280866066135,315.536026000977,261
"FT0712",695.341957829389,544.656158447266,261
"FT0713",695.184147488093,188.703132629395,261
"FT0714",695.277954911019,306.97900390625,261
"FT0715",696.35134712729,565.707092285156,261
"FT0716",697.199416444018,186.268966674805,261
"FT0717",699.381440296331,657.321899414062,261
"FT0718",700.385122448922,657.271301269531,261
"FT0719",701.386644935535,657.283386230469,261
"FT0720",707.183761238894,189.928726196289,261
"FT0721",707.293463192535,339.445693969727,261
"FT0722",708.187276898852,191.137023925781,261
"FT0723",708.296543704955,339.049713134766,261
"FT0724",709.189289538257,191.796722412109,261
"FT0725",709.291961125042,303.637710571289,261
"FT0726",710.192195721854,190.948486328125,261
"FT0727",710.275975512834,303.280075073242,261
"FT0728",711.214364350906,256.441638793945,261
"FT0729",711.395100767206,303.472961425781,261
"FT0730",711.337315511007,596.741271972656,261
"FT0731",712.218119319296,263.432342529297,261
"FT0732",713.192143136724,261.502044677734,261
"FT0733",715.235113549071,263.149322509766,261
"FT0734",716.238849302319,263.011322021484,261
"FT0735",717.330615716416,307.834228515625,261
"FT0736",719.242263266616,210.14347076416,261
"FT0737",721.366561426217,597.634155273438,261
"FT0738",721.198518839288,200.298263549805,261
"FT0739",722.369291526927,596.800659179688,261
"FT0740",723.232616871707,225.171531677246,261
"FT0741",723.374008612396,610.752136230469,261
"FT0742",724.287892121531,224.865608215332,261
"FT0743",724.382157794347,632.245849609375,261
"FT0744",724.874316579631,1085.08898925781,261
"FT0745",725.200565933624,224.779327392578,261
"FT0746",725.376225079393,1085.09948730469,261
"FT0747",725.267558848699,451.347625732422,261
"FT0748",725.388468157474,634.246887207031,261
"FT0749",725.876311713907,1085.089,261
"FT0750",726.866459324407,1085.43933105469,261
"FT0751",727.194814257861,153.623107910156,261
"FT0752",727.364153153748,1085.76098632812,261
"FT0753",728.159790127598,160.411590576172,261
"FT0754",728.851377040388,1087.06274414062,261
"FT0755",729.166195805015,195.133491516113,261
"FT0756",735.215927756816,240.412818908691,261
"FT0757",736.219182998466,240.633575439453,261
"FT0758",737.360970783367,477.871322631836,261
"FT0759",738.363472363621,477.782180786133,261
"FT0760",739.249310811808,223.257598876953,261
"FT0761",740.281373179706,223.151313781738,261
"FT0762",741.263671465753,234.228729248047,261
"FT0763",742.26015568334,220.083168029785,261
"FT0764",742.849254047807,1087.44177246094,261
"FT0765",751.209971345803,207.054748535156,261
"FT0766",753.282781933066,247.355331420898,261
"FT0767",755.207791271398,247.940544128418,261
"FT0768",756.207926595824,248.004203796387,261
"FT0769",758.868645580783,1086.43310546875,261
"FT0770",759.369954955938,1085.39532470703,261
"FT0771",759.274113750942,264.157989501953,261
"FT0772",759.87029569955,1084.75305175781,261
"FT0773",760.856152205175,1085.76062011719,261
"FT0774",760.836807466716,23.5618648529053,261
"FT0775",761.20739513749,251.990623474121,261
"FT0776",761.358825439886,1085.76086425781,261
"FT0777",761.322845629101,530.230377197266,261
"FT0778",761.837745019883,23.5639419555664,261
"FT0779",762.211357387179,251.676834106445,261
"FT0780",762.325734209669,529.974243164062,261
"FT0781",762.836363606591,23.5617990493774,261
"FT0782",765.226719453574,242.986785888672,261
"FT0783",766.232834297374,243.300827026367,261
"FT0784",769.208430563484,219.786804199219,261
"FT0785",771.232948853613,232.17951965332,261
"FT0786",772.204866212985,232.268890380859,261
"FT0787",773.247980981015,231.542861938477,261
"FT0788",774.284010395981,252.655227661133,261
"FT0789",775.287136720237,252.344772338867,261
"FT0790",776.844250731584,1087.40808105469,261
"FT0791",779.475748424145,649.876892089844,261
"FT0792",780.498818576274,622.716674804688,261
"FT0793",783.279043077622,244.611366271973,261
"FT0794",784.30264420044,244.236001220703,261
"FT0795",785.251196806945,186.10969543457,261
"FT0796",787.247227386056,267.513702392578,261
"FT0797",789.354441398301,598.195617675781,261
"FT0798",790.357155915985,598.076263427734,261
"FT0799",791.369650359421,633.346862792969,261
"FT0800",792.862282766079,1093.48760986328,261
"FT0801",793.364188428958,1085.39965820312,261
"FT0802",793.865097472226,1085.12329101562,261
"FT0803",794.85471222168,1085.42602539062,261
"FT0804",795.352471443302,1086.06062609863,261
"FT0805",795.237181671566,244.667984008789,261
"FT0806",795.490706647965,593.810485839844,261
"FT0807",796.242132126501,245.003997802734,261
"FT0808",796.839571775293,1086.76904296875,261
"FT0809",799.348983668097,280.328552246094,261
"FT0810",801.191941000409,294.736968994141,261
"FT0811",803.372915942683,420.692596435547,261
"FT0812",805.33170778833,388.521270751953,261
"FT0813",807.527666913136,651.652404785156,261
"FT0814",808.530447834029,651.396148681641,261
"FT0815",809.344913510586,265.301910400391,261
"FT0816",810.837561907697,1087.4423828125,261
"FT0817",812.542565225703,645.807922363281,261
"FT0818",817.386417560465,224.185668945312,261
"FT0819",821.327124590467,389.069595336914,261
"FT0820",826.856127979075,1094.27429199219,261
"FT0821",827.358147271386,1085.42498779297,261
"FT0822",827.858116450476,1084.75573730469,261
"FT0823",828.844328710752,1085.44073486328,261
"FT0824",829.346177842937,1086.06835479736,261
"FT0825",831.281428801168,263.821502685547,261
"FT0826",839.276037847925,236.943412780762,261
"FT0827",840.278527438997,217.911949157715,261
"FT0828",843.480049595823,773.480895996094,261
"FT0829",843.370575051797,376.683197021484,261
"FT0830",844.373585979992,376.409484863281,261
"FT0831",844.832079590972,1087.76330566406,261
"FT0832",859.360908749937,318.933776855469,261
"FT0833",860.363733499525,318.942443847656,261
"FT0834",860.850510332005,1093.40454101562,261
"FT0835",861.351532453966,1085.76477050781,261
"FT0836",861.853093743696,1085.0888671875,261
"FT0837",862.842408737568,1085.42504882812,261
"FT0838",863.340232758678,1086.097,261
"FT0839",864.828489620628,1087.09118652344,261
"FT0840",869.497740826118,769.030059814453,261
"FT0841",873.449540433368,303.606643676758,261
"FT0842",874.453678343112,272.888305664062,261
"FT0843",877.63052115521,832.050842285156,261
"FT0844",878.634479441371,832.054016113281,261
"FT0845",878.824893827192,1087.76434326172,261
"FT0846",887.226972784218,231.03003692627,261
"FT0847",891.480220581505,693.767211914062,261
"FT0848",892.483982467858,692.167877197266,261
"FT0849",893.486686596953,691.864837646484,261
"FT0850",894.487345763765,362.614547729492,261
"FT0851",894.844206199436,1094.2734375,261
"FT0852",895.345394799954,1086.18389892578,261
"FT0853",895.490521129132,362.950988769531,261
"FT0854",895.511783258291,752.547119140625,261
"FT0855",895.845660485735,1085.08190917969,261
"FT0856",896.50420308612,363.631896972656,261
"FT0857",896.515270566984,752.47216796875,261
"FT0858",896.832001363948,1085.75524902344,261
"FT0859",897.334959338403,1085.76098632812,261
"FT0860",897.506786069718,363.949249267578,261
"FT0861",898.509659678733,363.886260986328,261
"FT0862",899.511914584356,363.924163818359,261
"FT0863",900.513554207118,363.645782470703,261
"FT0864",910.481739165834,330.315490722656,261
"FT0865",911.483685814574,340.730056762695,261
"FT0866",912.496521215766,358.905517578125,261
"FT0867",912.819311154672,1087.76513671875,261
"FT0868",913.243704808982,282.238693237305,261
"FT0869",913.500280368459,360.126708984375,261
"FT0870",913.462823224507,691.564514160156,261
"FT0871",914.466133971513,691.527374267578,261
"FT0872",914.504009202863,359.959091186523,261
"FT0873",915.506597493916,359.894444274902,261
"FT0874",917.493725007057,753.18603515625,261
"FT0875",918.496876393427,753.399841308594,261
"FT0876",919.834413745303,1085.76123046875,261
"FT0877",926.475496174908,305.27131652832,261
"FT0878",927.500965007639,701.038452148438,261
"FT0879",927.474254071082,305.415405273438,261
"FT0880",928.5052464795,700.766754150391,261
"FT0881",928.479479266077,321.434448242188,261
"FT0882",928.838224578471,1093.89282226562,261
"FT0883",929.339585222484,1085.76153564453,261
"FT0884",929.476747626973,417.705520629883,261
"FT0885",929.507084719296,700.605285644531,261
"FT0886",929.839819896009,1085.43115234375,261
"FT0887",930.480158259383,417.672119140625,261
"FT0888",930.829315635976,1085.42504882812,261
"FT0889",931.328872946887,1085.43627929688,261
"FT0890",931.399165038455,533.488001220703,261
"FT0891",932.402684807037,533.329528808594,261
"FT0892",932.815903218334,1087.10400390625,261
"FT0893",945.47105737666,410.40397644043,261
"FT0894",946.474171221893,410.456497192383,261
"FT0895",946.813113149654,1087.49060058594,261
"FT0896",947.248068619712,283.927429199219,261
"FT0897",948.251635983228,283.96614074707,261
"FT0898",949.484340577755,701.305007446289,261
"FT0899",953.829125019605,1085.76098632812,261
"FT0900",960.392358339246,408.024841308594,261
"FT0901",961.396149965466,408.06689453125,261
"FT0902",961.566668509122,696.482482910156,261
"FT0903",962.570133629741,696.329895019531,261
"FT0904",962.831060642249,1094.73547363281,261
"FT0905",963.333720919279,1086.37768554688,261
"FT0906",963.481217955819,349.884368896484,261
"FT0907",963.525863389975,700.404266357422,261
"FT0908",963.831266658873,1085.08770751953,261
"FT0909",964.527126660692,701.445739746094,261
"FT0910",964.486121896361,364.986053466797,261
"FT0911",964.819629238111,1085.47052001953,261
"FT0912",965.530395985282,704.088134765625,261
"FT0913",971.561463294782,580.703369140625,261
"FT0914",972.564358454891,580.702026367188,261
"FT0915",973.56650764176,580.701232910156,261
"FT0916",974.569788756875,580.699340820312,261
"FT0917",977.258774600192,278.228317260742,261
"FT0918",980.484651706861,359.532318115234,261
"FT0919",980.806697065343,1087.46520996094,261
"FT0920",985.506945441899,704.080139160156,261
"FT0921",985.575745798241,596.172607421875,261
"FT0922",986.578973572218,596.160608642578,261
"FT0923",987.821804726267,1085.42614746094,261
"FT0924",991.476670143388,338.113052368164,261
"FT0925",993.254201251141,241.657287597656,261
"FT0926",996.824953651851,1094.18829345703,261
"FT0927",997.326942440554,1086.03149414062,261
"FT0928",997.826949000425,1085.76110839844,261
"FT0929",998.817352245581,1085.08898925781,261
"FT0930",1000.80293402505,1087.11108398438,261
"FT0931",1007.53610699979,582.030578613281,261
"FT0932",1008.53992071084,582.3818359375,261
"FT0933",1009.53710829464,582.032775878906,261
"FT0934",1014.80196301072,1087.44104003906,261
"FT0935",1017.56714700744,580.697631835938,261
"FT0936",1018.57053945149,580.701293945312,261
"FT0937",1019.57318464397,580.6826171875,261
"FT0938",1019.57203781031,661.137817382812,261
"FT0939",1019.504929724,343.264419555664,261
"FT0940",1020.57557958782,580.367614746094,261
"FT0941",1021.58102341824,621.519775390625,261
"FT0942",1021.81592069842,1085.43334960938,261
"FT0943",1027.62237684329,652.975023803711,261
"FT0944",1028.62647606043,652.957092285156,261
"FT0945",1029.62719366899,653.173706054688,261
"FT0946",1030.81889656977,1094.62719726562,261
"FT0947",1031.32068846656,1085.76220703125,261
"FT0948",1031.81769785133,1085.08905566406,261
"FT0949",1032.80752315731,1085.7509765625,261
"FT0950",1035.50204981861,331.44367980957,261
"FT0951",1036.50617679943,273.407135009766,261
"FT0952",1037.50732891946,272.892929077148,261
"FT0953",1042.14728352557,1085.09838867188,261
"FT0954",1048.597205555,604.068969726562,261
"FT0955",1048.79486024947,1087.41857910156,261
"FT0956",1055.8098223969,1085.42504882812,261
"FT0957",1061.28023031361,198.036674499512,261
"FT0958",1061.78226765484,197.959762573242,261
"FT0959",1062.28384805523,197.966506958008,261
"FT0960",1062.78441582314,197.959594726562,261
"FT0961",1063.28659209569,197.968170166016,261
"FT0962",1063.59855455647,652.905700683594,261
"FT0963",1064.28803282146,191.301536560059,261
"FT0964",1064.60203086883,652.944470703125,261
"FT0965",1064.81196881561,1094.50787353516,261
"FT0966",1065.31384736079,1085.761,261
"FT0967",1065.59880002841,652.633392333984,261
"FT0968",1065.54850259138,344.468811035156,261
"FT0969",1065.8146363232,1086.23468017578,261
"FT0970",1066.80409722264,1085.40588378906,261
"FT0971",1067.25668083908,231.766754150391,261
"FT0972",1068.25910273035,231.859649658203,261
"FT0973",1069.26048315541,231.904083251953,261
"FT0974",1070.26355982157,231.922790527344,261
"FT0975",1073.62777517098,653.251831054688,261
"FT0976",1074.6312985847,653.058410644531,261
"FT0977",1075.6342462816,652.950927734375,261
"FT0978",1076.63694373183,652.947448730469,261
"FT0979",1078.64522456308,656.603118896484,261
"FT0980",1079.63300195159,605.414794921875,261
"FT0981",1080.63535066467,604.886901855469,261
"FT0982",1082.78895182745,1087.10461425781,261
"FT0983",1083.66269203692,644.190216064453,261
"FT0984",1085.55248838359,584.730895996094,261
"FT0985",1086.55494319758,584.627868652344,261
"FT0986",1087.47330523064,1085.76696777344,261
"FT0987",1089.80369845022,1085.42602539062,261
"FT0988",1091.52850455628,371.225952148438,261
"FT0989",1092.53456495519,371.07861328125,261
"FT0990",1093.53763990508,371.267471313477,261
"FT0991",1098.8057894946,1095.16790771484,261
"FT0992",1099.30788354394,1085.41949462891,261
"FT0993",1099.80468379072,1085.35943603516,261
"FT0994",1100.79455623589,1085.44000244141,261
"FT0995",1107.51805371799,364.624084472656,261
"FT0996",1110.13629738627,1092.81762695312,261
"FT0997",1123.46429256984,315.554000854492,261
"FT0998",1123.79631828246,1085.42504882812,261
"FT0999",1124.59136020484,338.084991455078,261
"FT1000",1126.79642873246,1085.42510986328,261
"FT1001",1132.79957675411,1095.65673828125,261
"FT1002",1133.30157192865,1086.81030273438,261
"FT1003",1133.48514890248,341.768447875977,261
"FT1004",1133.80169240392,1086.08288574219,261
"FT1005",1134.48816331703,341.696060180664,261
"FT1006",1134.79090569394,1085.76098632812,261
"FT1007",1141.61437011973,653.970153808594,261
"FT1008",1142.62063647908,654.369201660156,261
"FT1009",1149.45947641852,1085.09008789062,261
"FT1010",1150.62894015901,600.425964355469,261
"FT1011",1155.46073921672,1096.96435546875,261
"FT1012",1157.79014966116,1085.42492675781,261
"FT1013",1161.6437902076,594.061889648438,261
"FT1014",1162.64647898833,594.064208984375,261
"FT1015",1163.65040157576,594.006713867188,261
"FT1016",1166.79287166907,1095.28668212891,261
"FT1017",1167.29451009622,1092.60803222656,261
"FT1018",1167.79257056328,1085.75158691406,261
"FT1019",1168.78251005454,1085.76098632812,261
"FT1020",1172.12205619631,1085.72357177734,261
"FT1021",1178.12397337139,1096.87701416016,261
"FT1022",1178.45879678644,1097.52185058594,261
"FT1023",1191.78386230893,1085.40307617188,261
"FT1024",1194.78317547598,1085.56629956055,261
"FT1025",1200.78734414655,1095.900390625,261
"FT1026",1201.2878625606,1092.99523925781,261
"FT1027",1201.7890529831,1092.8515625,261
"FT1028",1202.77787494114,1085.79992675781,261
"FT1029",1207.64969569095,594.083312988281,261
"FT1030",1208.65231238979,594.075256347656,261
"FT1031",1209.65568337386,594.089477539062,261
"FT1032",1210.65870499161,594.082336425781,261
"FT1033",1213.69571950813,655.941253662109,261
"FT1034",1214.69967673596,655.957275390625,261
"FT1035",1223.44872838799,1097.18041992188,261
"FT1036",1225.77793600346,1085.42504882812,261
"FT1037",1234.77977516824,1095.90319824219,261
"FT1038",1235.28199442332,1092.6142578125,261
"FT1039",1235.78014327974,1087.80529785156,261
"FT1040",1238.3278637671,197.967468261719,261
"FT1041",1238.68075269408,604.231964111328,261
"FT1042",1238.82960856089,197.960052490234,261
"FT1043",1239.33114465781,197.961037414551,261
"FT1044",1239.58007451645,340.930145263672,261
"FT1045",1239.83224843905,197.960060119629,261
"FT1046",1240.33441893062,197.954437255859,261
"FT1047",1246.11212493986,1097.18609619141,261
"FT1048",1253.58107635831,346.829467773438,261
"FT1049",1259.77127514706,1085.42602539062,261
"FT1050",1262.77136957646,1085.76098632812,261
"FT1051",1268.77462855683,1096.25085449219,261
"FT1052",1269.27532234395,1094.63312536621,261
"FT1053",1269.77630455952,1096.84924316406,261
"FT1054",1291.43696635727,1097.46752929688,261
"FT1055",1293.76523422124,1085.4248046875,261
"FT1056",1302.76747453267,1096.27239990234,261
"FT1057",1303.2695964611,1096.50500488281,261
"FT1058",1303.76855780295,1096.17608642578,261
"FT1059",1308.09472223103,1085.50238037109,261
"FT1060",1314.10029980165,1097.48022460938,261
"FT1061",1320.73117093001,368.706390380859,261
"FT1062",1321.8408466247,652.177642822266,261
"FT1063",1322.84335009551,652.183197021484,261
"FT1064",1327.7591027525,1085.76098632812,261
"FT1065",1330.75856920111,1086.43298339844,261
"FT1066",1336.76062262813,1096.61791992188,261
"FT1067",1337.26197340146,1096.84539794922,261
"FT1068",1337.72147819394,691.965301513672,261
"FT1069",1337.76319822049,1097.18176269531,261
"FT1070",1341.66816673968,530.294067382812,261
"FT1071",1342.67230170731,530.294006347656,261
"FT1072",1351.72705586161,595.425018310547,261
"FT1073",1352.72976464478,595.422180175781,261
"FT1074",1353.73296045137,595.410400390625,261
"FT1075",1355.57386845998,342.293472290039,261
"FT1076",1356.57683609025,342.324371337891,261
"FT1077",1359.42517396496,1097.48876953125,261
"FT1078",1359.75861792528,1097.4951171875,261
"FT1079",1361.75291798582,1086.09008789062,261
"FT1080",1370.75449184781,1096.27893066406,261
"FT1081",1371.25672782888,1096.85009765625,261
"FT1082",1395.74612923257,1086.09692382812,261
"FT1083",1397.7325154684,595.4169921875,261
"FT1084",1398.73544569592,595.422180175781,261
"FT1085",1399.73825991816,595.411804199219,261
"FT1086",1400.74092919771,595.406311035156,261
"FT1087",1404.74900414319,1096.57934570312,261
"FT1088",1405.25054262062,1097.18591308594,261
"FT1089",1405.75304553619,1097.18627929688,261
"FT1090",1415.37543092599,197.924774169922,261
"FT1091",1415.87735088416,191.214828491211,261
"FT1092",1416.37819775621,191.778617858887,261
"FT1093",1416.87977006411,190.813262939453,261
"FT1094",1417.38053561498,191.560157775879,261
"FT1095",1429.73984414192,1086.09692382812,261
"FT1096",1438.7424405915,1096.84234619141,261
"FT1097",1457.84299075942,580.70361328125,261
"FT1098",1458.84597954188,580.702941894531,261
"FT1099",1459.84844790558,580.702941894531,261
"FT1100",1460.84990380494,580.70263671875,261
"FT1101",1472.73624381486,1096.8427734375,261
"FT1102",1503.84752212557,580.702941894531,261
"FT1103",1540.72536801832,1097.32452392578,261
"FT1104",1541.93447857897,652.951538085938,261
"FT1105",1542.9371038995,652.951843261719,261
"FT1106",1592.92441272868,190.571098327637,261
