Query.Mass,Matched.Compound,Matched.Form,Retention.Time,Mass.Diff,Empirical.Compound
117.019283638739,C00042,M-H[-],47.9740104675293,3.98944910102728e-05,EC0001
259.021794825745,C00085,M-H[-],29.2681179046631,0.000628707484963797,EC0002
341.108640635796,C00089,M-H[-],28.6101684570312,0.000282897433976359,EC0003
387.112503942993,C00089,M+HCOO[-],28.5722103118896,0.00134105700703913,EC0003
259.021794825745,C00092,M-H[-],29.2681179046631,0.000628707484963797,EC0002
259.021794825745,C00103,M-H[-],29.2681179046631,0.000628707484963797,EC0002
383.048916509908,C00105,M+CH3COO[-],42.8586273193359,0.000278490092057382,EC0004
152.034983164711,C00108,M-H+O[-],162.246124267578,0.000350368518979849,EC0005
117.019283638739,C00109,M-H+O[-],47.9740104675293,4.98944910134469e-05,EC0006
175.060881988136,C00141,M+CH3COO[-],170.575172424316,0.000286988135968613,EC0007
137.024091287781,C00156,M-H[-],171.490364074707,0.000332245448987578,EC0008
192.023605970597,C00158,M(C13)-H[-],42.897762298584,0.000482437367026023,EC0009
117.019283638739,C00164,M-H+O[-],47.9740104675293,4.98944910134469e-05,EC0006
223.061183661483,C00166,M+CH3COO[-],282.727645874023,0.000588661482993302,EC00010
341.108640635796,C00185,M-H[-],28.6101684570312,0.000282897433976359,EC0003
387.112503942993,C00185,M+HCOO[-],28.5722103118896,0.00134105700703913,EC0003
341.108640635796,C00208,M-H[-],28.6101684570312,0.000282897433976359,EC0003
387.112503942993,C00208,M+HCOO[-],28.5722103118896,0.00134105700703913,EC0003
117.019283638739,C00232,M-H+O[-],47.9740104675293,4.98944910134469e-05,EC0006
175.060881988136,C00233,M+HCOO[-],170.575172424316,0.000236988136009586,EC00011
189.076607290601,C00233,M+CH3COO[-],169.871307373047,0.00031229060101623,EC00011
341.108640635796,C00243,M-H[-],28.6101684570312,0.000282897433976359,EC0003
387.112503942993,C00243,M+HCOO[-],28.5722103118896,0.00134105700703913,EC0003
255.232423015047,C00249,M-H[-],925.143432617188,0.000500518183002896,EC00012
256.236041911494,C00249,M(C13)-H[-],925.055725097656,0.000281621736007764,EC00012
285.061663816091,C00251,M+CH3COO[-],156.632568359375,0.000668816091035751,EC00013
285.061663816091,C00254,M+CH3COO[-],156.632568359375,0.000668816091035751,EC00013
259.021794825745,C00275,M-H[-],29.2681179046631,0.000628707484963797,EC0002
259.021794825745,C00279,M+CH3COO[-],29.2681179046631,0.000100174254953345,EC00014
192.023605970597,C00311,M(C13)-H[-],42.897762298584,0.000482437367026023,EC0009
117.019283638739,C00349,M-H+O[-],47.9740104675293,4.98944910134469e-05,EC0006
193.050421267445,C00423,M+HCOO[-],280.9677734375,0.000376267444977429,EC00015
259.021794825745,C00446,M-H[-],29.2681179046631,0.000628707484963797,EC0002
223.061183661483,C00482,M-H[-],282.727645874023,3.98717469920484e-05,EC00016
173.045386973855,C00493,M-H[-],258.390151977539,0.000136559374993794,EC00017
214.073103996553,C00493,M+ACN-H[-],184.545364379883,0.00103546332300652,EC00018
117.019283638739,C00546,M+HCOO[-],47.9740104675293,0.00053863873900184,EC00019
152.034983164711,C00568,M-H+O[-],162.246124267578,0.000350368518979849,EC0005
152.034983164711,C00632,M-H[-],162.246124267578,0.000340368518976675,EC00020
259.021794825745,C00636,M-H[-],29.2681179046631,0.000628707484963797,EC0002
369.22745830553,C00639,M-H+O[-],681.299926757812,0.0007752276999895,EC00021
259.021794825745,C00668,M-H[-],29.2681179046631,0.000628707484963797,EC0002
175.060881988136,C00671,M+HCOO[-],170.575172424316,0.000236988136009586,EC00011
189.076607290601,C00671,M+CH3COO[-],169.871307373047,0.00031229060101623,EC00011
259.021794825745,C00673,M+HCOO[-],29.2681179046631,5.01742549658957e-05,EC00022
281.247799605568,C00712,M-H[-],941.263732910156,0.000823927661997459,EC00023
223.061183661483,C00811,M+CH3COO[-],282.727645874023,0.000588661482993302,EC00010
213.149448686005,C00843,M+CH3COO[-],446.292877197266,0.000353686005013287,EC00024
353.087270509914,C00852,M-H[-],189.901420593262,0.0005530233160016,EC00025
218.102989140215,C00864,M-H[-],96.926872253418,0.000434393015012802,EC00026
285.061663816091,C00885,M+CH3COO[-],156.632568359375,0.000668816091035751,EC00013
373.12591699902,C00921,M+CH3COO[-],751.192840576172,7.80009800678272e-05,EC00027
191.055392947316,C00966,M+HCOO[-],198.304733276367,0.000152052684001092,EC00028
205.071948916951,C00966,M+CH3COO[-],153.622566223145,0.000753916950998246,EC00029
341.108640635796,C01083,M-H[-],28.6101684570312,0.000282897433976359,EC0003
387.112503942993,C01083,M+HCOO[-],28.5722103118896,0.00134105700703913,EC0003
223.061183661483,C01092,M+K-2H[-],282.727645874023,0.000563404977015125,EC00030
259.021794825745,C01094,M-H[-],29.2681179046631,0.000628707484963797,EC0002
259.021794825745,C01097,M-H[-],29.2681179046631,0.000628707484963797,EC0002
417.203282782483,C01120,M+K-2H[-],614.214721679688,0.00206428397706304,EC00031
383.048916509908,C01168,M+CH3COO[-],42.8586273193359,0.000278490092057382,EC0004
259.021794825745,C01172,M-H[-],29.2681179046631,0.000628707484963797,EC0002
385.114409979523,C01175,M-H[-],231.781265258789,0.000386446292964138,EC00032
387.112503942993,C01175,M(Cl37)-H[-],28.5722103118896,0.00128040976295551,EC00033
259.021794825745,C01177,M-H[-],29.2681179046631,0.000628707484963797,EC0002
291.196252348901,C01226,M-H[-],661.908050537109,0.000271184328994423,EC00034
292.199777937466,C01226,M(C13)-H[-],623.178100585938,0.000145595763967776,EC00035
307.190654238397,C01226,M-H+O[-],620.911986816406,0.000779294833023414,EC00035
312.171541454446,C01226,M+Na-2H[-],698.305908203125,0.000294387986059519,EC00036
341.108640635796,C01235,M-H[-],28.6101684570312,0.000282897433976359,EC0003
387.112503942993,C01235,M+HCOO[-],28.5722103118896,0.00134105700703913,EC0003
519.896088257262,C01272,M+Na-2H[-],23.9538841247559,5.88091979807359e-05,EC00037
383.048916509908,C01368,M+CH3COO[-],42.8586273193359,0.000278490092057382,EC0004
131.07109561084,C01390,M+HCOO[-],288.666839599609,0.000250610839998444,EC00038
193.050421267445,C01494,M-H[-],280.9677734375,0.000202265784992051,EC00039
279.232064513503,C01595,M-H[-],878.665405273438,0.000859019726988208,EC00040
280.235775284665,C01595,M(C13)-H[-],882.090209960938,0.000548248564996356,EC00040
295.227401827226,C01595,M-H+O[-],690.274780273438,0.000431706004007992,EC00041
515.238239577351,C01626,M+CH3COO[-],752.422912597656,0.0010554226489603,EC00042
369.118297869777,C01852,M-H2O-H[-],241.274871826172,0.000725663453010839,EC00043
333.151954541279,C02035,M(Cl37)-H[-],251.378555297852,0.000368991951006592,EC00044
333.151954541279,C02035,M(S34)-H[-],251.378555297852,0.00103100804903988,EC00044
117.019283638739,C02170,M-H[-],47.9740104675293,3.98944910102728e-05,EC0001
111.008431538436,C02226,M-H2O-H[-],42.4078750610352,0.00029199479401143,EC00045
175.060881988136,C02504,M-H[-],170.575172424316,0.000341545093988316,EC00046
191.055392947316,C02504,M-H+O[-],198.304733276367,0.000740585914002168,EC00047
221.066559303043,C02504,M+HCOO[-],307.146255493164,0.000414303042987285,EC00048
173.045386973855,C02631,M-H+O[-],258.390151977539,0.000146559374996968,EC00049
193.050421267445,C02666,M-H+O[-],280.9677734375,0.000212265784995225,EC00050
223.061183661483,C02666,M+HCOO[-],282.727645874023,0.000538661483005853,EC00050
223.061183661483,C02763,M+CH3COO[-],282.727645874023,0.000588661482993302,EC00010
657.220686383662,C02880,M+HCOO[-],389.740737915039,0.000741383661988948,EC00051
259.021794825745,C02985,M-H+O[-],29.2681179046631,0.00063870748493855,EC00052
325.092971533662,C03406,M+Cl[-],246.034210205078,0.00147153366202701,EC00053
609.146508685251,C03470,M+Br[-],270.225952148438,0.00180868525092137,EC00054
259.021794825745,C03546,M-H[-],29.2681179046631,0.000628707484963797,EC0002
152.034983164711,C03972,M-H2O-H[-],162.246124267578,0.000340368518976675,EC00055
259.021794825745,C04006,M-H[-],29.2681179046631,0.000628707484963797,EC0002
191.055392947316,C04181,M+CH3COO[-],198.304733276367,0.000202052684016962,EC00056
173.045386973855,C04236,M-H[-],258.390151977539,0.000136559374993794,EC00017
214.073103996553,C04236,M+ACN-H[-],184.545364379883,0.00103546332300652,EC00018
341.108640635796,C04332,M-H+O[-],28.6101684570312,0.00159289743396585,EC00057
175.060881988136,C04411,M-H[-],170.575172424316,0.000341545093988316,EC00046
191.055392947316,C04411,M-H+O[-],198.304733276367,0.000740585914002168,EC00047
221.066559303043,C04411,M+HCOO[-],307.146255493164,0.000414303042987285,EC00048
519.896088257262,C04477,M+Na-2H[-],23.9538841247559,5.88091979807359e-05,EC00037
519.896088257262,C04520,M+Na-2H[-],23.9538841247559,5.88091979807359e-05,EC00037
353.087270509914,C04640,M+ACN-H[-],189.901420593262,0.000501976684006422,EC00058
291.196252348901,C04672,M-H[-],661.908050537109,0.000271184328994423,EC00034
292.199777937466,C04672,M(C13)-H[-],623.178100585938,0.000145595763967776,EC00035
307.190654238397,C04672,M-H+O[-],620.911986816406,0.000779294833023414,EC00035
312.171541454446,C04672,M+Na-2H[-],698.305908203125,0.000294387986059519,EC00036
293.211577377412,C04717,M-H2O-H[-],645.10888671875,0.000646155817946692,EC00059
327.217203022431,C04717,M-H+O[-],446.650512695312,0.000530510798967043,EC00060
311.077442419031,C04732,M+Cl[-],394.754409790039,0.00154241903095453,EC00061
293.211577377412,C04780,M-H[-],645.10888671875,0.000646155817946692,EC00062
294.215225009239,C04780,M(C13)-H[-],650.401985839844,0.000398523990952526,EC00062
309.206243587439,C04780,M-H+O[-],570.629272460938,0.000889945790959246,EC00063
291.196252348901,C04785,M-H2O-H[-],661.908050537109,0.000271184328994423,EC00064
309.206243587439,C04785,M-H[-],570.629272460938,0.000879945790984493,EC00065
310.209995406926,C04785,M(C13)-H[-],588.156555175781,0.000528126304004672,EC00065
369.22745830553,C04785,M+CH3COO[-],681.299926757812,0.000236694470061138,EC00064
927.500965007639,C05306,M+Cl[-],701.038452148438,0.00323499236094449,EC00066
341.108640635796,C05400,M-H[-],28.6101684570312,0.000282897433976359,EC0003
387.112503942993,C05400,M+HCOO[-],28.5722103118896,0.00134105700703913,EC0003
341.108640635796,C05402,M-H[-],28.6101684570312,0.000282897433976359,EC0003
387.112503942993,C05402,M+HCOO[-],28.5722103118896,0.00134105700703913,EC0003
193.050421267445,C05608,M+HCOO[-],280.9677734375,0.000376267444977429,EC00015
223.061183661483,C05610,M-H+O[-],282.727645874023,4.98717469952226e-05,EC00067
949.484340577755,C05797,M+Br[-],701.305007446289,0.00014057775490528,EC00068
285.061663816091,C05817,M+HCOO[-],156.632568359375,0.000618816091048302,EC00069
223.061183661483,C05838,M+CH3COO[-],282.727645874023,0.000588661482993302,EC00010
325.092971533662,C05839,M-H[-],246.034210205078,4.80004320593252e-05,EC00070
325.093653234835,C05839,M-H[-],431.443298339844,0.000729701605052924,EC00071
341.088372306059,C05839,M-H+O[-],211.956481933594,0.000538772829031586,EC00070
385.114409979523,C05839,M+CH3COO[-],231.781265258789,0.000914979522974591,EC00070
311.112380324199,C05855,M-H[-],263.830576843262,0.00124320903097441,EC00072
312.116274419971,C05855,M(C13)-H[-],263.487396240234,0.000749113259018941,EC00072
117.019283638739,C06002,M-H+O[-],47.9740104675293,4.98944910134469e-05,EC0006
191.055392947316,C06006,M+HCOO[-],198.304733276367,0.000152052684001092,EC00028
205.071948916951,C06006,M+CH3COO[-],153.622566223145,0.000753916950998246,EC00029
191.055392947316,C06010,M+CH3COO[-],198.304733276367,0.000202052684016962,EC00056
365.180053782909,C06095,M(Cl37)-H[-],214.091705322266,0.00153024967897863,EC00073
277.216777234667,C06426,M-H[-],691.366001220703,0.000546298562994707,EC00074
293.211577377412,C06426,M-H+O[-],645.10888671875,0.000656155817978288,EC00075
323.221634792396,C06426,M+HCOO[-],679.78125,0.000610207604040625,EC00074
277.216777234667,C06427,M-H[-],691.366001220703,0.000546298562994707,EC00074
293.211577377412,C06427,M-H+O[-],645.10888671875,0.000656155817978288,EC00075
323.221634792396,C06427,M+HCOO[-],679.78125,0.000610207604040625,EC00074
253.21700280371,C08362,M-H[-],892.1240234375,0.000320729520012719,EC00076
209.118013990827,C08491,M-H[-],346.573669433594,0.000309542402987972,EC00077
115.07658281118,C08492,M-H+O[-],153.602005004883,0.000149277949986981,EC00078
249.185307883837,C09629,M+HCOO[-],581.038024902344,0.000137116163017481,EC00079
249.185384832084,C09629,M+HCOO[-],741.910614013672,6.01679160183721e-05,EC00080
249.185307883837,C09684,M+HCOO[-],581.038024902344,0.000137116163017481,EC00079
249.185384832084,C09684,M+HCOO[-],741.910614013672,6.01679160183721e-05,EC00080
213.149448686005,C09844,M+CH3COO[-],446.292877197266,0.000353686005013287,EC00024
223.061183661483,C10945,M+CH3COO[-],282.727645874023,0.000588661482993302,EC00010
213.149448686005,C11389,M+CH3COO[-],446.292877197266,0.000353686005013287,EC00024
213.149448686005,C11393,M+CH3COO[-],446.292877197266,0.000353686005013287,EC00024
259.021794825745,C11437,M+HCOO[-],29.2681179046631,5.01742549658957e-05,EC00022
223.133758447498,C11512,M-H[-],507.010498046875,0.000165085731993031,EC00081
239.128291828328,C11512,M-H+O[-],440.250366210938,0.000541704901991125,EC00082
519.896088257262,C11555,M+Na-2H[-],23.9538841247559,5.88091979807359e-05,EC00037
657.220686383662,C11830,M+HCOO[-],389.740737915039,0.000741383661988948,EC00051
657.220686383662,C11832,M+HCOO[-],389.740737915039,0.000741383661988948,EC00051
333.151954541279,C11864,M(Cl37)-H[-],251.378555297852,0.000368991951006592,EC00044
333.151954541279,C11864,M(S34)-H[-],251.378555297852,0.00103100804903988,EC00044
333.151954541279,C11865,M(Cl37)-H[-],251.378555297852,0.000368991951006592,EC00044
333.151954541279,C11865,M(S34)-H[-],251.378555297852,0.00103100804903988,EC00044
193.050421267445,C12204,M-H[-],280.9677734375,0.000202265784992051,EC00039
206.081789787153,C12206,M+ACN-H[-],249.827117919922,0.000478746076964853,EC00083
353.087270509914,C12208,M-H+O[-],189.901420593262,0.000563023315976352,EC00084
191.055392947316,C14463,M+HCOO[-],198.304733276367,0.000152052684001092,EC00028
205.071948916951,C14463,M+CH3COO[-],153.622566223145,0.000753916950998246,EC00029
293.211577377412,C14827,M-H2O-H[-],645.10888671875,0.000646155817946692,EC00059
327.217203022431,C14827,M-H+O[-],446.650512695312,0.000530510798967043,EC00060
305.114477094345,C15485,M(S34)-H[-],376.857727050781,0.00114643888497312,EC00085
259.021794825745,C15926,M-H[-],29.2681179046631,0.000628707484963797,EC0002
647.327584540926,C15965,M+Br81[-],530.2734375,0.00111545907407162,EC00086
647.327584540926,C15966,M+Br81[-],530.2734375,0.00111545907407162,EC00086
291.196252348901,C16321,M-H2O-H[-],661.908050537109,0.000271184328994423,EC00064
309.206243587439,C16321,M-H[-],570.629272460938,0.000879945790984493,EC00065
310.209995406926,C16321,M(C13)-H[-],588.156555175781,0.000528126304004672,EC00065
369.22745830553,C16321,M+CH3COO[-],681.299926757812,0.000236694470061138,EC00064
291.196252348901,C16324,M-H[-],661.908050537109,0.000271184328994423,EC00034
292.199777937466,C16324,M(C13)-H[-],623.178100585938,0.000145595763967776,EC00035
307.190654238397,C16324,M-H+O[-],620.911986816406,0.000779294833023414,EC00035
312.171541454446,C16324,M+Na-2H[-],698.305908203125,0.000294387986059519,EC00036
291.196252348901,C16341,M-H2O-H[-],661.908050537109,0.000271184328994423,EC00064
309.206243587439,C16341,M-H[-],570.629272460938,0.000879945790984493,EC00065
310.209995406926,C16341,M(C13)-H[-],588.156555175781,0.000528126304004672,EC00065
369.22745830553,C16341,M+CH3COO[-],681.299926757812,0.000236694470061138,EC00064
249.185307883837,C16814,M+HCOO[-],581.038024902344,0.000137116163017481,EC00079
249.185384832084,C16814,M+HCOO[-],741.910614013672,6.01679160183721e-05,EC00080
259.021794825745,C17214,M+Cl37[-],29.2681179046631,0.00030517425494736,EC00087
259.021794825745,C17215,M+Cl37[-],29.2681179046631,0.00030517425494736,EC00087
191.055392947316,C17220,M(Cl37)-H[-],198.304733276367,0.000930585913977211,EC00088
191.055392947316,C17220,M(S34)-H[-],198.304733276367,0.000469414086012421,EC00088
205.071948916951,C17224,M(Cl37)-H[-],153.622566223145,2.53837210095753e-05,EC00089
671.272219271266,C18022,M+HCOO[-],257.765991210938,0.000474271265943571,EC00090
671.272219271266,C18070,M+ACN-H[-],257.765991210938,4.92619640226621e-05,EC00091
223.133758447498,C18217,M-2H[2-],507.010498046875,0.000215085732008902,EC00092
253.21700280371,C18218,M-H2O-H[-],892.1240234375,0.000220729519980978,EC00093
279.232064513503,C19418,M-H2O-H[-],878.665405273438,0.000859019726988208,EC00094
279.232064513503,C19616,M-H2O-H[-],878.665405273438,0.000859019726988208,EC00094
295.227401827226,C19620,M-H2O-H[-],690.274780273438,0.000421706003976396,EC00095
329.23201757926,C19620,M-H+O[-],447.292907714844,0.00131595396999273,EC00096
249.185307883837,C19740,M+HCOO[-],581.038024902344,0.000137116163017481,EC00079
249.185384832084,C19740,M+HCOO[-],741.910614013672,6.01679160183721e-05,EC00080
187.097167519865,C19757,M+HCOO[-],313.158233642578,0.00012251986498768,EC00097
609.146508685251,C19796,M-H[-],270.225952148438,0.000385152020953683,EC00098
610.150074193376,C19796,M(C13)-H[-],270.227966308594,0.000550660145904658,EC00098
625.142708682723,C19796,M-H+O[-],242.668426513672,0.00167514949293945,EC00099
249.185307883837,C19908,M+HCOO[-],581.038024902344,0.000137116163017481,EC00079
249.185384832084,C19908,M+HCOO[-],741.910614013672,6.01679160183721e-05,EC00080
626.145173662878,C20490,M+HCOO[-],242.409049987793,0.00307133712203722,EC000100
277.216777234667,C20700,M+CH3COO[-],691.366001220703,1.77653329842542e-05,EC000101
249.185307883837,C20724,M+HCOO[-],581.038024902344,0.000137116163017481,EC00079
249.185384832084,C20724,M+HCOO[-],741.910614013672,6.01679160183721e-05,EC00080
353.087270509914,C21284,M-2H[2-],189.901420593262,0.000396976683987305,EC000102
707.183761238894,C21284,M-H[-],189.928726196289,0.00273770566400344,EC000102
708.187276898852,C21284,M(C13)-H[-],191.137023925781,0.00285336562194516,EC000102
609.146508685251,C21854,M-H+O[-],270.225952148438,0.000375152020978931,EC000103
291.196252348901,C21923,M-H2O-H[-],661.908050537109,0.000271184328994423,EC00064
309.206243587439,C21923,M-H[-],570.629272460938,0.000879945790984493,EC00065
310.209995406926,C21923,M(C13)-H[-],588.156555175781,0.000528126304004672,EC00065
369.22745830553,C21923,M+CH3COO[-],681.299926757812,0.000236694470061138,EC00064
293.211577377412,C21924,M-H2O-H[-],645.10888671875,0.000646155817946692,EC00059
327.217203022431,C21924,M-H+O[-],446.650512695312,0.000530510798967043,EC00060
111.008431538436,C22007,M-2H[2-],42.4078750610352,0.00034199479401309,EC000104
205.071948916951,C22421,M+Na-2H[-],153.622566223145,0.000698149509020141,EC000105
